category,review
Вкусная столовка,"Эта столовка потрясающая! Еда всегда свежая, вкусная и сытная. Особенно нравятся их супы — наваристые и ароматные. Приветливый персонал и уютная атмосфера делают это место идеальным для обеда. Всем рекомендую!"
Вкусная столовка,"Это одна из лучших столовых, в которых я когда-либо был. Вкуснейшие блюда, порции большие, а цены — вполне адекватные. Мое любимое блюдо — запечённая курица с картофелем, просто супер!"
Вкусная столовка,"Каждый раз прихожу сюда, и не разочаровываюсь. Всё всегда на высоте: от свежих салатов до горячих блюд. Очень вкусные пельмени и борщ — как у бабушки. Отличное место для обеда или ужина."
Вкусная столовка,"Здесь готовят просто великолепно. Все блюда всегда вкусные, сытные и разнообразные. Особенно вкусные десерты — как в лучших кафе! Стоит только один раз попробовать, и вы станете постоянным клиентом."
Вкусная столовка,"Очень нравится эта столовка. Сюда всегда приятно приходить, а еда не разочарует. Идеальные гарниры, вкусные мясные блюда и отличные супы. Отличный выбор для сытного и вкусного обеда."
Вкусная столовка,"Эта столовка стала моим постоянным местом для обеда. Я всегда выбираю блюда с мясом — курица, говядина и свинина здесь всегда вкусные. Порции большие, а выбор блюд разнообразный. Это место не может не понравиться."
Вкусная столовка,"Очень уютная столовая с домашней атмосферой. Я люблю их завтраки — каши, омлеты и свежие булочки. Прекрасное место для начала дня. Если хотите сытно и вкусно поесть, то это место для вас."
Вкусная столовка,"Не разочаровывает всегда. Порции большие, еда очень вкусная и качественная. Очень советую попробовать их салаты и супы — вкусно и полезно. Отличное место для обеда с коллегами или друзьями."
Вкусная столовка,"Прекрасное место для обеда. Здесь вкусно готовят, а меню меняется каждый день. Обожаю их мясные блюда, но и вегетарианские блюда тоже на высоте. Здесь всегда чисто и уютно."
Вкусная столовка,"Очень вкусная еда, отличное обслуживание и комфортная атмосфера. Я особенно люблю их борщ и вареники с картошкой. Здесь приятно провести обеденный перерыв."
Невкусная столовка,"Не впечатлило. Ожидал больше, а получил обычную еду, которая не вызывает никакого восторга. Даже суп не был таким, как я привык. Персонал вежливый, но еда оставляет желать лучшего."
Невкусная столовка,"Очень разочарован. Блюда пресные и безвкусные, порции маленькие, а цены завышены. Попробовал несколько разных блюд, но все они не оправдали ожиданий. Даже простой салат не был свежим."
Невкусная столовка,"От этой столовой я ожидал большего. Все блюда были плоскими и безвкусными, а качество продуктов оставляло желать лучшего. Даже на обычную кашу не хватило соли, и это расстроило."
Невкусная столовка,"Очень слабое место. Даже банальные гарниры такие пресные и неаппетитные, что есть не хочется. Мне не понравился даже хлеб — жесткий и неприятный на вкус. Ушёл с полным разочарованием."
Невкусная столовка,"Не рекомендую. Слишком много блюд, которые не имеют ни вкуса, ни аромата. Это место не для любителей вкусной еды. Плюс, обслуживание оставляет желать лучшего."
Невкусная столовка,"Эта столовая — просто ужас. Еда напоминает корм для животных. Я взял пару горячих блюд, но они оказались либо пережаренными, либо не до конца приготовленными. В общем, это было пустая трата времени и денег."
Невкусная столовка,"Здесь очень плохая еда. Даже блюда, которые я обычно люблю, не смогли удивить. Все очень пресно, безвкусно, и порции маленькие. Не думаю, что вернусь сюда снова."
Невкусная столовка,"Разочарован, еда не стоит своих денег. Думал, что хотя бы простые блюда будут нормальными, но не тут-то было. Всё оказалось слишком неаппетитным, чтобы нормально поесть."
Невкусная столовка,"Это место не для ценителей вкусной еды. Всё приготовлено быстро и неаккуратно, что влияет на общий вкус. Я не чувствовал никакого удовольствия от еды. Вряд ли вернусь сюда."
Невкусная столовка,"Мне не понравилось абсолютно ничего. Отрицательные ощущения остались от всей еды — она не имела ни аромата, ни вкуса. Я даже не допил свой напиток, потому что он был невыносимо сладким."
Невкусная столовка,"Одно из самых неприятных мест, где я ел. Блюда были не вкусными, порции маленькие, а обслуживание не слишком дружелюбное. Даже десерт оказался разочаровывающим."
Невкусная столовка,"Это был худший опыт обеда в столовой. Блюда настолько простые и пресные, что я просто не смог их доесть. Дорогие цены за низкое качество."
